anthropic_task,anthropic_norm,onet_match_norm,score
"administer highway planning, construction, or maintenance.",administer highway planning construction or maintenance,administer construction contracts,65.90909090909092
administer standardized ability and achievement tests and interpret results to determine students' strengths and areas of need.,administer standardized ability and achievement tests and interpret results to determine students strengths and areas of need,administer standardized ability and achievement tests and interpret results to determine students strengths and needs,95.86776859504133
"advise food service managers and organizations on sanitation, safety procedures, menu development, budgeting, and planning to assist with the establishment, operation, and evaluation of food service facilities and nutrition programs.",advise food service managers and organizations on sanitation safety procedures menu development budgeting and planning to assist with the establishment operation and evaluation of food service facilities and nutrition programs,advise food service managers and organizations on sanitation safety procedures menu development budgeting and planning to assist with establishment operation and evaluation of food service facilities and nutrition programs,99.10714285714286
"advise patients and their families on nutritional principles, dietary plans and diet modifications, and food selection and preparation.",advise patients and their families on nutritional principles dietary plans and diet modifications and food selection and preparation,advise patients and their families on nutritional principles dietary plans diet modifications and food selection and preparation,98.46153846153847
"advise retail customers or internal users on the appropriateness of parts, supplies, or materials requested.",advise retail customers or internal users on the appropriateness of parts supplies or materials requested,read work orders or receive oral instructions to determine work assignments or material or equipment needs,57.81990521327014
analyze and classify risks and investments to determine their potential impacts on companies.,analyze and classify risks and investments to determine their potential impacts on companies,inspect facilities or installations to determine their environmental impact,59.88023952095809
analyze and evaluate robotic systems or prototypes.,analyze and evaluate robotic systems or prototypes,evaluate robotic systems or prototypes,86.36363636363636
"analyze data such as interview notes, test results, and reference manuals to identify symptoms and to diagnose the nature of clients' problems.",analyze data such as interview notes test results and reference manuals to identify symptoms and to diagnose the nature of clients problems,analyze records reports test results or examination information to diagnose medical condition of patient,57.61316872427984
analyze data to assess distance learning program status or to inform decisions for distance learning programs.,analyze data to assess distance learning program status or to inform decisions for distance learning programs,analyze training needs to develop new training programs or modify and improve existing programs,58.82352941176471
"analyze geographic information systems (gis) data to identify spatial relationships or display results of analyses, using maps, graphs, or tabular data.",analyze geographic information systems gis data to identify spatial relationships or display results of analyses using maps graphs or tabular data,maintain geographic information systems laboratories performing duties such as updating software,55.37190082644627
"analyze information to determine, recommend, and plan computer specifications and layouts, and peripheral equipment modifications.",analyze information to determine recommend and plan computer specifications and layouts and peripheral equipment modifications,analyze information to determine recommend and plan layout including type of computers and peripheral equipment modifications,83.66533864541833
analyze market conditions to determine optimum times to execute securities transactions.,analyze market conditions to determine optimum times to execute securities transactions,analyze market conditions to determine acreage allocations,68.96551724137932
analyze potential loan markets to find opportunities to promote loans and financial services.,analyze potential loan markets to find opportunities to promote loans and financial services,analyze potential loan markets and develop referral networks to locate prospects for loans,60.439560439560445
analyze product complaints and make recommendations regarding their reportability.,analyze product complaints and make recommendations regarding their reportability,evaluate new technologies and methods to make recommendations regarding their use,65.4320987654321
analyze target companies or investment opportunities to inform investment decisions.,analyze target companies or investment opportunities to inform investment decisions,analyze storm water systems to identify opportunities for water resource improvements,58.33333333333333
"answer inquiries regarding information such as schedules, accommodations, procedures, and policies.",answer inquiries regarding information such as schedules accommodations procedures and policies,answer inquiries regarding information such as schedules accommodations procedures or policies,97.35449735449735
"appraise, evaluate, and inventory real property and equipment, recording information such as the description, value, and location of property.",appraise evaluate and inventory real property and equipment recording information such as the description value and location of property,package and label semen to be used for artificial insemination recording information such as the date source quality and concentration,58.518518518518526
"arrange financing of deals from sources such as financial institutions, agencies, or public or private companies.",arrange financing of deals from sources such as financial institutions agencies or public or private companies,analyze financial or operational performance of companies facing financial difficulties to identify or recommend remedies,54.54545454545454
arrange reservations for patrons of dining establishments.,arrange reservations for patrons of dining establishments,arrange for demonstrations or trial installations of equipment,62.18487394957983
assemble documentation packages and produce drawing sets which are checked by an engineer or an architect.,assemble documentation packages and produce drawing sets which are checked by an engineer or an architect,assemble documentation packages and produce drawing sets to be checked by an engineer or an architect,95.14563106796116
"assess current or future customer needs and priorities through communicating directly with customers, conducting surveys, or other methods.",assess current or future customer needs and priorities through communicating directly with customers conducting surveys or other methods,assess current or future customer needs and priorities by communicating directly with customers conducting surveys or other methods,96.62921348314607
assess the nature and level of threats so that the scope of the problem can be determined.,assess the nature and level of threats so that the scope of the problem can be determined,assess the nature and level of physical security threats so that the scope of the problem can be determined,90.81632653061224
"attend to the needs of the bereaved, such as by offering comfort, counseling, or after care programs.",attend to the needs of the bereaved such as by offering comfort counseling or after care programs,attend to the needs of the bereaved such as by offering comfort counseling or aftercare programs,99.48186528497409
"book transportation and hotel reservations, using computer terminal or telephone.",book transportation and hotel reservations using computer terminal or telephone,book transportation and hotel reservations using computer or telephone,93.95973154362416
"break systems into their component parts, assign numerical values to each component, and examine the mathematical relationships between them.",break systems into their component parts assign numerical values to each component and examine the mathematical relationships between them,break systems into their components assign numerical values to each component and examine the mathematical relationships between them,98.1549815498155
call by telephone to deliver verbal messages.,call by telephone to deliver verbal messages,use telephone to deliver verbal messages,88.09523809523809
call on prospective customers to explain company services or to solicit new business.,call on prospective customers to explain company services or to solicit new business,contact prospective or existing customers to discuss how services can meet their needs,60.0
"care for children or elderly persons by overseeing their activities, providing companionship, and assisting them with dressing, bathing, eating, and other needs.",care for children or elderly persons by overseeing their activities providing companionship and assisting them with dressing bathing eating and other needs,provide for physical safety of groups performing such activities as providing first aid or directing emergency evacuations,52.70758122743682
check and analyze operating system or application logfiles regularly to verify proper system performance.,check and analyze operating system or application logfiles regularly to verify proper system performance,check and analyze operating system or application log files regularly to verify proper system performance,99.52153110047847
"collect and analyze security data to determine security needs, security program goals, or program accomplishments.",collect and analyze security data to determine security needs security program goals or program accomplishments,collect and evaluate data to determine community program needs,60.11560693641618
"collect information about clients, using techniques such as testing, interviewing, discussion, and observation.",collect information about clients using techniques such as testing interviewing discussion and observation,collect information about clients using techniques such as testing interviewing discussion or observation,97.6303317535545
"collect, record, and maintain patient information, such as medical histories, reports, and examination results.",collect record and maintain patient information such as medical histories reports and examination results,collect record and maintain patient information such as medical histories reports or examination results,97.60765550239235
"collect, record, and maintain patient information, such as medical history, reports, and examination results.",collect record and maintain patient information such as medical history reports and examination results,collect record and maintain patient information such as medical history reports or examination results,97.5609756097561
"communicate technical or marketing information about distance learning via podcasts, webinars, and other technologies.",communicate technical or marketing information about distance learning via podcasts webinars and other technologies,communicate with customers and vendors to exchange information regarding products materials and services,58.44748858447488
"communicate to faculty, students, or other users availability of, or changes to, distance learning courses or materials, programs, services, or applications.",communicate to faculty students or other users availability of or changes to distance learning courses or materials programs services or applications,communicate with customers and vendors to exchange information regarding products materials and services,56.126482213438734
"compile cue words and phrases and cue announcers, cast members, and technicians during performances.",compile cue words and phrases and cue announcers cast members and technicians during performances,meet with soloists and concertmasters to discuss and prepare for performances,54.02298850574713
"compile data for use in activities such as gene expression profiling, genome annotation, and structural bioinformatics.",compile data for use in activities such as gene expression profiling genome annotation and structural bioinformatics,compile data for use in activities such as gene expression profiling genome annotation or structural bioinformatics,97.83549783549783
compile information on governmental incentive programs related to the installation of energy or water saving plumbing systems or devices.,compile information on governmental incentive programs related to the installation of energy or water saving plumbing systems or devices,compile information on content and context of information to be translated and on intended audience,57.02127659574467
compile information or prepare reports on nanotechnology experiments or applications.,compile information or prepare reports on nanotechnology experiments or applications,compile and prepare reports and documents pertaining to personnel activities,58.75
"compute data such as gear dimensions and machine settings, applying knowledge of shop mathematics.",compute data such as gear dimensions and machine settings applying knowledge of shop mathematics,compute data such as gear dimensions or machine settings applying knowledge of shop mathematics,97.38219895287958
"conduct and score oral, visual, written, or performance tests to determine applicant qualifications and notify applicants of their scores.",conduct and score oral visual written or performance tests to determine applicant qualifications and notify applicants of their scores,administer oral written or performance tests to measure progress and to evaluate training effectiveness,56.540084388185655
"conduct demonstrations to teach such skills as sports, dancing, and handicrafts.",conduct demonstrations to teach such skills as sports dancing and handicrafts,conduct demonstrations to teach skills such as sports dancing and handicrafts,93.5064935064935
"conduct or oversee collection of corporate intelligence to avoid fraud, financial crime, cyber-attack, terrorism, and infrastructure failure.",conduct or oversee collection of corporate intelligence to avoid fraud financial crime cyberattack terrorism and infrastructure failure,conduct or oversee collection of corporate intelligence to avoid fraud financial crime cyber attack terrorism and infrastructure failure,99.63099630996311
"conduct research on consumer opinions and buying habits, and identify target audiences for green products, services, or technologies.",conduct research on consumer opinions and buying habits and identify target audiences for green products services or technologies,conduct research on consumer opinions and buying habits and identify target audiences for products services or technologies,97.61904761904762
"conduct research to identify the goals, net worth, history of charitable donations, or other data related to potential donors, potential investors, or general donor markets.",conduct research to identify the goals net worth history of charitable donations or other data related to potential donors potential investors or general donor markets,conduct research to identify the goals net worth charitable donation history or other data related to potential donors potential investors or general donor markets,94.54545454545455
confer with clients to provide marketing or technical advice.,confer with clients to provide marketing or technical advice,confer with clients to develop plans for posttreatment activities,64.0
"confer with systems analysts, engineers, programmers and others to design system and to obtain information on project limitations and capabilities, performance requirements and interfaces.",confer with systems analysts engineers programmers and others to design system and to obtain information on project limitations and capabilities performance requirements and interfaces,confer with systems analysts engineers programmers and others to design systems and to obtain information on project limitations and capabilities performance requirements and interfaces,99.7289972899729
consult with customers about software system design and maintenance.,consult with customers about software system design and maintenance,consult with customers or other departments on project status proposals or technical issues such as software system design or maintenance,61.76470588235294
contact customers to persuade them to purchase merchandise or services.,contact customers to persuade them to purchase merchandise or services,persuade customers to purchase merchandise or services,75.80645161290323
"contact prospective customers to determine customer needs, present information, or explain available services.",contact prospective customers to determine customer needs present information or explain available services,contact prospective customers to present information and explain available services,84.21052631578947
coordinate due diligence processes and the negotiation or execution of purchase or sale agreements.,coordinate due diligence processes and the negotiation or execution of purchase or sale agreements,monitor patients progress and provide ongoing observation of hearing or balance status,55.434782608695656
correspond with insured or agent to obtain information or inform them of account status or changes.,correspond with insured or agent to obtain information or inform them of account status or changes,correspond with insured or agent to obtain information or to inform them of account status or changes,98.49246231155779
"counsel individuals and groups regarding problems, such as stress, substance abuse, and family situations, to modify behavior or to improve personal, social, and vocational adjustment.",counsel individuals and groups regarding problems such as stress substance abuse and family situations to modify behavior or to improve personal social and vocational adjustment,counsel individuals or groups to help them understand and overcome personal social or behavioral problems affecting their educational or vocational situations,55.52238805970149
"counsel individuals to help them understand and overcome personal, social, or behavioral problems affecting their educational or vocational situations.",counsel individuals to help them understand and overcome personal social or behavioral problems affecting their educational or vocational situations,counsel individuals or groups to help them understand and overcome personal social or behavioral problems affecting their educational or vocational situations,96.73202614379085
"design and direct nuclear research projects to discover facts, to test or modify theoretical models, or to develop new theoretical models or new uses for current models.",design and direct nuclear research projects to discover facts to test or modify theoretical models or to develop new theoretical models or new uses for current models,design or direct nuclear research projects to develop test modify or discover new uses for theoretical models,68.36363636363636
"design and implement web site security measures, such as firewalls or message encryption.",design and implement web site security measures such as firewalls or message encryption,design and implement web site security measures such as firewalls and message encryption,97.14285714285714
"design information storage and retrieval systems and develop procedures for collecting, organizing, interpreting, and classifying information.",design information storage and retrieval systems and develop procedures for collecting organizing interpreting and classifying information,observe interview and survey employees and conduct focus group meetings to collect job organizational and occupational information,55.223880597014926
"design or develop software systems, using scientific analysis and mathematical models to predict and measure outcome and consequences of design.",design or develop software systems using scientific analysis and mathematical models to predict and measure outcome and consequences of design,design develop and modify software systems using scientific analysis and mathematical models to predict and measure outcomes and consequences of design,94.88054607508532
"design security policies, programs, or practices to ensure adequate security relating to issues such as protection of assets, alarm response, and access card use.",design security policies programs or practices to ensure adequate security relating to issues such as protection of assets alarm response and access card use,design security policies programs or practices to ensure adequate security relating to alarm response access card use and other security needs,78.26086956521739
"design silver articles, such as jewelry and serving pieces.",design silver articles such as jewelry and serving pieces,design electrical systems such as lighting systems,57.94392523364487
"design, develop and modify software systems, using scientific analysis and mathematical models to predict and measure outcome and consequences of design.",design develop and modify software systems using scientific analysis and mathematical models to predict and measure outcome and consequences of design,design develop and modify software systems using scientific analysis and mathematical models to predict and measure outcomes and consequences of design,99.66777408637874
"determine a published or broadcasted story's emphasis, length, and format and organize material accordingly.",determine a published or broadcasted storys emphasis length and format and organize material accordingly,determine a published or broadcasted storys emphasis length and format organizing material accordingly,96.11650485436894
develop an understanding of fields to which statistical methods are to be applied to determine whether methods and results are appropriate.,develop an understanding of fields to which statistical methods are to be applied to determine whether methods and results are appropriate,develop an understanding of customers needs and take actions to ensure that such needs are met,56.896551724137936
"develop and direct software system testing and validation procedures, programming, and documentation.",develop and direct software system testing and validation procedures programming and documentation,develop or direct software system testing or validation procedures programming or documentation,92.2279792746114
develop and maintain course websites.,develop and maintain course websites,develop and maintain course web sites,98.63013698630137
"develop communications materials, advertisements, presentations, or public relations initiatives to promote awareness of green products and technologies.",develop communications materials advertisements presentations or public relations initiatives to promote awareness of green products and technologies,develop communications materials advertisements presentations or public relations initiatives to promote awareness of products and services,93.75
"develop data model describing data elements and how they are used, following procedures and using pen, template or computer software.",develop data model describing data elements and how they are used following procedures and using pen template or computer software,develop data models describing data elements and how they are used following procedures and using pen template or computer software,99.61685823754789
develop instructional materials and products for technology-based redesign of courses.,develop instructional materials and products for technologybased redesign of courses,develop instructional materials and conduct inservice and communitybased educational programs,68.92655367231639
develop instructional materials to be used by educators and instructors.,develop instructional materials to be used by educators and instructors,develop instructional materials such as lesson plans handouts or examinations,66.21621621621621
"develop interview techniques, rating scales, and psychological tests used to assess skills, abilities, and interests for the purpose of employee selection, placement, and promotion.",develop interview techniques rating scales and psychological tests used to assess skills abilities and interests for the purpose of employee selection placement and promotion,develop interview techniques rating scales and psychological tests used to assess skills abilities and interests for the purpose of employee selection placement or promotion,98.55907780979827
"develop lists of prospective clients from sources such as newspaper items, company records, local merchants, or customers.",develop lists of prospective clients from sources such as newspaper items company records local merchants or customers,fill tanks of processing machines with solutions such as developer dyes stopbaths fixers bleaches or washes,54.222222222222214
"develop marketing materials, proposals, or presentation to generate new work opportunities.",develop marketing materials proposals or presentation to generate new work opportunities,develop marketing materials proposals or presentations to generate new work opportunities,99.43502824858757
develop or direct software system testing or validation procedures.,develop or direct software system testing or validation procedures,develop or direct software system testing or validation procedures programming or documentation,81.98757763975155
"develop or manage integrated security controls to ensure confidentiality, accountability, recoverability, or audit ability of sensitive information, proprietary information, or information technology resources.",develop or manage integrated security controls to ensure confidentiality accountability recoverability or audit ability of sensitive information proprietary information or information technology resources,develop strategies policies or procedures for introducing evaluating or modifying information technology applied to nursing practice administration education or research,49.865951742627345
"develop or provide technical resources, such as course management and videoconferencing systems, networking, and webcasting, for distance learning programs.",develop or provide technical resources such as course management and videoconferencing systems networking and webcasting for distance learning programs,review financial records such as income statements and documentation of expenditures to determine forms needed to prepare tax returns,53.52112676056338
"develop preproduction ideas and incorporate them into outlines, scripts, story boards, and graphics.",develop preproduction ideas and incorporate them into outlines scripts story boards and graphics,plan and develop preproduction ideas into outlines scripts story boards and graphics using own ideas or specifications of assignments,65.50218340611353
"develop prospects from current commercial customers, referral leads, or sales or trade meetings.",develop prospects from current commercial customers referral leads or sales or trade meetings,answer inquiries from current or prospective customers regarding methods materials or price ranges,58.63874345549738
develop software applications or programming to use for statistical modeling and graphic analysis.,develop software applications or programming to use for statistical modeling and graphic analysis,develop software applications or programming for statistical modeling and graphic analysis,96.2566844919786
develop standards and guidelines to guide the use and acquisition of software and to protect vulnerable information.,develop standards and guidelines to guide the use and acquisition of software and to protect vulnerable information,develop standards and guidelines for the use and acquisition of software and to protect vulnerable information,96.0
"develop tests, questionnaires, and procedures that measure the effectiveness of curricula and use these tools to determine whether program objectives are being met.",develop tests questionnaires and procedures that measure the effectiveness of curricula and use these tools to determine whether program objectives are being met,check the appearance of costumes on stage or under lights to determine whether desired effects are being achieved,53.284671532846716
"develop, maintain, and analyze budgets, preparing periodic reports that compare budgeted costs to actual costs.",develop maintain and analyze budgets preparing periodic reports that compare budgeted costs to actual costs,develop maintain or analyze budgets preparing periodic reports that compare budgeted costs to actual costs,97.65258215962442
"develop, recommend, or manage security procedures for operations or processes, such as security call centers, system acquisition, development, and maintenance, access control, program models, or reporting tools.",develop recommend or manage security procedures for operations or processes such as security call centers system acquisition development and maintenance access control program models or reporting tools,develop recommend or manage security procedures for operations or processes such as security call centers access control and reporting tools,81.524926686217
"devise scalable recovery, purification, or fermentation processes for producing proteins or other biological substances for human or animal therapeutic use, food production or processing, biofuels, or effluent treatment.",devise scalable recovery purification or fermentation processes for producing proteins or other biological substances for human or animal therapeutic use food production or processing biofuels or effluent treatment,evaluate current or proposed manufacturing processes or practices for environmental sustainability considering factors such as greenhouse gas emissions air pollution water pollution energy use or waste creation,50.943396226415096
"diagnose diseases or study medical conditions using techniques such as gross pathology, histology, cytology, cytopathology, clinical chemistry, immunology, flow cytometry, and molecular biology.",diagnose diseases or study medical conditions using techniques such as gross pathology histology cytology cytopathology clinical chemistry immunology flow cytometry and molecular biology,diagnose diseases or study medical conditions using techniques such as gross pathology histology cytology cytopathology clinical chemistry immunology flow cytometry or molecular biology,98.6522911051213
"direct and coordinate construction, erection, or decoration activities in order to ensure that sets or exhibits meet design, budget, and schedule requirements.",direct and coordinate construction erection or decoration activities in order to ensure that sets or exhibits meet design budget and schedule requirements,direct and coordinate construction erection or decoration activities to ensure that sets or exhibits meet design budget and schedule requirements,96.98996655518395
"direct crop production operations, such as planning, tilling, planting, fertilizing, cultivating, spraying, or harvesting.",direct crop production operations such as planning tilling planting fertilizing cultivating spraying or harvesting,direct crop production operations such as planning tilling planting fertilizing cultivating spraying and harvesting,97.81659388646288
"direct rehearsals to instruct dancers in how to use dance steps, and in techniques to achieve desired effects.",direct rehearsals to instruct dancers in how to use dance steps and in techniques to achieve desired effects,direct rehearsals to instruct dancers in dance steps and in techniques to achieve desired effects,94.6341463414634
direct software programming and development of documentation.,direct software programming and development of documentation,direct aerospace research and development programs,58.18181818181818
discuss the treatment of problems with clients.,discuss the treatment of problems with clients,discuss data presentation requirements with clients,70.10309278350515
"document non-destructive testing (ndt) methods, processes, or results.",document nondestructive testing ndt methods processes or results,document nondestructive testing methods processes or results,96.7741935483871
"drive taxicabs, limousines, company cars, or privately owned vehicles to transport passengers.",drive taxicabs limousines company cars or privately owned vehicles to transport passengers,drive shuttle busses limousines company cars or privately owned vehicles to transport passengers,91.39784946236558
edit news material to ensure that it fits within available time or space.,edit news material to ensure that it fits within available time or space,test machinery to ensure that it is operating properly,58.730158730158735
edit or assist in editing videos for broadcast.,edit or assist in editing videos for broadcast,write and edit video and scripts for broadcasts,66.66666666666667
"edit or rewrite existing copy as necessary, and submit copy for approval by supervisor.",edit or rewrite existing copy as necessary and submit copy for approval by supervisor,edit or rewrite existing written material as necessary and submit written material for approval by supervisor editor or publisher,71.96261682242991
educate customers on energy efficiency or answer questions on topics such as the costs of running household appliances or the selection of energy efficient appliances.,educate customers on energy efficiency or answer questions on topics such as the costs of running household appliances or the selection of energy efficient appliances,educate customers on energy efficiency or answer questions on topics such as the costs of running household appliances or the selection of energyefficient appliances,99.69788519637463
ensure adherence to safety rules and practices.,ensure adherence to safety rules and practices,enforce safety rules and regulations,68.29268292682926
enter claims information into database systems.,enter claims information into database systems,enter insurance and claimsrelated information into database systems,81.41592920353982
enter into record-keeping systems appropriate data needed to create new title records or update existing ones.,enter into recordkeeping systems appropriate data needed to create new title records or update existing ones,enter into recordkeeping systems appropriate data needed to create new title records or to update existing ones,98.63013698630137
"establish and calculate optimum values for database parameters, using manuals and calculator.",establish and calculate optimum values for database parameters using manuals and calculator,establish and calculate optimum values for database parameters using manuals and calculators,99.4535519125683
"evaluate curricula, teaching methods, and programs to determine their effectiveness, efficiency, and utilization, and to ensure that school activities comply with federal, state, and local regulations.",evaluate curricula teaching methods and programs to determine their effectiveness efficiency and utilization and to ensure that school activities comply with federal state and local regulations,evaluate curricula teaching methods and programs to determine their effectiveness efficiency and use and to ensure compliance with federal state and local regulations,89.13649025069638
evaluate data and write reports to validate or indicate deviations from existing standards.,evaluate data and write reports to validate or indicate deviations from existing standards,calculate gas ratios to detect deviations from specifications using testing apparatus,59.42857142857143
"evaluate factors such as reporting formats required, cost constraints, or need for security restrictions to determine hardware configuration.",evaluate factors such as reporting formats required cost constraints or need for security restrictions to determine hardware configuration,evaluate factors such as reporting formats required cost constraints and need for security restrictions to determine hardware configuration,98.19494584837545
evaluate the effectiveness of distance learning programs in promoting knowledge or skill acquisition.,evaluate the effectiveness of distance learning programs in promoting knowledge or skill acquisition,evaluate the effectiveness of industrial ecology programs using statistical analysis and applications,63.681592039801
examine documents to determine degree of risk from such factors as applicant financial standing and value and condition of property.,examine documents to determine degree of risk from such factors as applicant financial standing and value and condition of property,examine documents to determine degree of risk from factors such as applicant health financial standing and value and condition of property,93.68029739776952
examine objects to be included in exhibits in order to plan where and how to display them.,examine objects to be included in exhibits in order to plan where and how to display them,examine objects to be included in exhibits to plan where and how to display them,94.67455621301775
"examine records, tax returns, and related documents pertaining to settlement of decedent's estate.",examine records tax returns and related documents pertaining to settlement of decedents estate,examine records reports or other documents to establish facts or detect discrepancies,60.33519553072626
explain and enforce safety regulations and policies.,explain and enforce safety regulations and policies,explain and enforce safety rules and regulations,78.78787878787878
"explain services or policies to clients, such as debt management program rules, the advantages and disadvantages of using services, or creditor concession policies.",explain services or policies to clients such as debt management program rules the advantages and disadvantages of using services or creditor concession policies,explain services or policies to clients such as debt management program rules advantages and disadvantages of using services or creditor concession policies,98.73417721518987
"explain the origins and physical, social, or cultural development of humans, including physical attributes, cultural traditions, beliefs, languages, resource management practices, and settlement patterns.",explain the origins and physical social or cultural development of humans including physical attributes cultural traditions beliefs languages resource management practices and settlement patterns,provide technical support and services for scientists and engineers working in fields such as agriculture environmental science resource management biology and health sciences,50.8108108108108
explain treatment procedures to patients.,explain treatment procedures to patients,explain fluid or tissue collection procedures to patients,72.16494845360825
"gather and compile geographic data from sources including censuses, field observations, satellite imagery, aerial photographs, and existing maps.",gather and compile geographic data from sources including censuses field observations satellite imagery aerial photographs and existing maps,gather and compile geographic data from sources such as censuses field observations satellite imagery aerial photographs and existing maps,94.96402877697841
gather and organize information to plan advertising campaigns.,gather and organize information to plan advertising campaigns,gather and organize information on problems or procedures,69.4915254237288
"gather historical data from sources such as archives, court records, diaries, news files, and photographs, as well as collect data sources such as books, pamphlets, and periodicals.",gather historical data from sources such as archives court records diaries news files and photographs as well as collect data sources such as books pamphlets and periodicals,gather historical data from sources such as archives court records diaries news files and photographs as well as from books pamphlets and periodicals,90.6832298136646
"gather information about events through research, interviews, experience, or attendance at political, news, sports, artistic, social, or other functions.",gather information about events through research interviews experience or attendance at political news sports artistic social or other functions,gather information and develop perspectives about news subjects through research interviews observation and experience,56.48854961832062
generate or identify sales leads for green products and technologies.,generate or identify sales leads for green products and technologies,engrave or stamp identifying symbols letters or numbers on products,59.25925925925925
help programmers and systems analysts test and debug new programs.,help programmers and systems analysts test and debug new programs,assemble gear systems and align frames and gears,54.86725663716814
identify and compile database information to create maps in response to requests.,identify and compile database information to create maps in response to requests,identify and compile database information to create requested maps,82.1917808219178
"identify key individual cultural collaborators, using reputational and positional selection techniques.",identify key individual cultural collaborators using reputational and positional selection techniques,identify defects in solid materials using ultrasonic testing techniques,58.13953488372092
"identify potential clients, using advertising campaigns, mailing lists, or personal contacts.",identify potential clients using advertising campaigns mailing lists or personal contacts,identify spatial coordinates using remote sensing and global positioning system gps data,57.6271186440678
"identify psychological, emotional, or behavioral issues and diagnose disorders, using information obtained from interviews, tests, records, and reference materials.",identify psychological emotional or behavioral issues and diagnose disorders using information obtained from interviews tests records and reference materials,identify psychological emotional or behavioral issues and diagnose disorders using information obtained from interviews tests records or reference materials,98.40255591054313
"identify, collect, record or analyze data that are relevant to the nursing care of patients.",identify collect record or analyze data that are relevant to the nursing care of patients,identify collect record or analyze data relevant to the nursing care of patients,94.67455621301775
"identify, monitor, or treat pregnancy-related problems such as hypertension, gestational diabetes, pre-term labor, and retarded fetal growth.",identify monitor or treat pregnancyrelated problems such as hypertension gestational diabetes preterm labor and retarded fetal growth,identify monitor or treat pregnancyrelated problems such as hypertension gestational diabetes preterm labor or retarded fetal growth,98.11320754716981
"implement or monitor carbon or environmental management, accounting, or audit systems.",implement or monitor carbon or environmental management accounting or audit systems,develop or implement programs for monitoring of environmental pollution or radiation,61.07784431137724
inform and advise concerned parties regarding fluctuations or securities transactions affecting plans or accounts.,inform and advise concerned parties regarding fluctuations or securities transactions affecting plans or accounts,inform customers about foreign currency regulations and compute transaction fees for currency exchanges,54.629629629629626
"inform prospective purchasers about models, numbers, and prices of garments, the garments' designers, and where garments can be purchased.",inform prospective purchasers about models numbers and prices of garments the garments designers and where garments can be purchased,inspect garments and examine repair tags and markings on garments to locate defects or damage and mark errors as necessary,51.181102362204726
"inspect facilities, machinery, and safety equipment to identify and correct potential hazards, and to ensure safety regulation compliance.",inspect facilities machinery and safety equipment to identify and correct potential hazards and to ensure safety regulation compliance,inspect facilities machinery or safety equipment to identify and correct potential hazards and to ensure safety regulation compliance,98.12734082397003
"inspect layouts and advertising copy and edit scripts, audio and video tapes, and other promotional material for adherence to specifications.",inspect layouts and advertising copy and edit scripts audio and video tapes and other promotional material for adherence to specifications,inspect layouts and advertising copy and edit scripts audio video and other promotional material for adherence to specifications,96.2406015037594
"inspect properties to evaluate construction, condition, special features, and functional design, and to take property measurements.",inspect properties to evaluate construction condition special features and functional design and to take property measurements,inspect completed work to ensure conformance to specifications standards and contract requirements,58.03571428571428
inspect public establishments to ensure compliance with rules and regulations.,inspect public establishments to ensure compliance with rules and regulations,inspect vehicles or equipment to ensure compliance with rules standards or regulations,79.75460122699387
"inspect security design features, installations, or programs to ensure compliance with applicable standards or regulations.",inspect security design features installations or programs to ensure compliance with applicable standards or regulations,inspect physical security design features installations or programs to ensure compliance with applicable standards or regulations,96.3855421686747
"instruct users in the selection, use, and design of audio-visual materials and assist them in the preparation of instructional materials and the rehearsal of presentations.",instruct users in the selection use and design of audiovisual materials and assist them in the preparation of instructional materials and the rehearsal of presentations,conduct training sessions on selection use and design of audiovisual materials and on operation of presentation equipment,64.3598615916955
insulate shells and cabinets of systems.,insulate shells and cabinets of systems,set up and maintain master key systems,57.14285714285714
"interact with clients to assist them in gaining insight, defining goals, and planning action to achieve effective personal, social, educational, and vocational development and adjustment.",interact with clients to assist them in gaining insight defining goals and planning action to achieve effective personal social educational and vocational development and adjustment,interact with clients to assist them in gaining insight defining goals and planning action to achieve effective personal social educational or vocational development and adjustment,98.61495844875347
"interpret engineering drawings, sketches, or diagrams.",interpret engineering drawings sketches or diagrams,interpret engineering sketches specifications or drawings,70.37037037037037
interpret imaging data and confer with other medical specialists to formulate diagnoses.,interpret imaging data and confer with other medical specialists to formulate diagnoses,confer with medical professionals regarding imagebased diagnoses,54.3046357615894
interview applicants and request specified information for loan applications.,interview applicants and request specified information for loan applications,interview job applicants to obtain and verify information used to screen and evaluate them,61.44578313253012
label and record contents of exposed film and note details on report forms.,label and record contents of exposed film and note details on report forms,record temperatures amounts of materials processed or test results on report forms,58.97435897435898
make many quick changes backstage during fashion shows and yet maintain poised appearance before audiences.,make many quick changes backstage during fashion shows and yet maintain poised appearance before audiences,make garment style changes such as tapering pant legs narrowing lapels and adding or removing padding,51.20772946859904
"manage security programs designed to protect personnel, facilities, and information.",manage security programs designed to protect personnel facilities and information,manage safety programs at power generation facilities,62.68656716417911
measure and record data associated with operating equipment.,measure and record data associated with operating equipment,collect and record data associated with operating geothermal power plants or well fields,66.66666666666667
"modify existing software to correct errors, to adapt it to new hardware, or to upgrade interfaces and improve performance.",modify existing software to correct errors to adapt it to new hardware or to upgrade interfaces and improve performance,modify existing software to correct errors adapt it to new hardware or upgrade interfaces and improve performance,97.41379310344827
"modify, maintain, and repair electronics equipment and systems to ensure that they function properly.",modify maintain and repair electronics equipment and systems to ensure that they function properly,modify maintain or repair electronics equipment or systems to ensure proper functioning,81.08108108108108
"modify, update, and process existing policies and claims to reflect any change in beneficiary, amount of coverage, or type of insurance.",modify update and process existing policies and claims to reflect any change in beneficiary amount of coverage or type of insurance,modify update or process existing policies and claims to reflect any change in beneficiary amount of coverage or type of insurance,98.08429118773945
"monitor and analyze network performance and data input/output reports to detect problems, identify inefficient use of computer resources, or perform capacity planning.",monitor and analyze network performance and data inputoutput reports to detect problems identify inefficient use of computer resources or perform capacity planning,monitor and analyze network performance and reports on data input or output to detect problems identify inefficient use of computer resources or perform capacity planning,93.09309309309309
"monitor and analyze sales records, trends, or economic conditions to anticipate consumer buying patterns and determine what the company will sell and how much inventory is needed.",monitor and analyze sales records trends or economic conditions to anticipate consumer buying patterns and determine what the company will sell and how much inventory is needed,monitor and analyze sales records trends or economic conditions to anticipate consumer buying patterns company sales and needed inventory,81.78913738019169
"monitor security policies, programs or procedures to ensure compliance with internal security policies, licensing requirements, or applicable government security requirements, policies, and directives.",monitor security policies programs or procedures to ensure compliance with internal security policies licensing requirements or applicable government security requirements policies and directives,monitor security policies programs or procedures to ensure compliance with internal security policies or applicable government security requirements policies and directives,93.73297002724796
monitor supplier performance to assess ability to meet quality and delivery requirements.,monitor supplier performance to assess ability to meet quality and delivery requirements,monitor suppliers activities to assess performance in meeting quality or delivery requirements,75.82417582417582
narrate presentations and productions.,narrate presentations and productions,arrange financing for productions,65.71428571428571
negotiate payment arrangements with customers who have delinquent loans.,negotiate payment arrangements with customers who have delinquent loans,fit and study garments on customers to determine required alterations,57.14285714285714
none,none,mentor new faculty,36.36363636363637
not_classified,not_classified,teach pottery classes,45.714285714285715
notify supervisor or computer maintenance technicians of equipment malfunctions.,notify supervisor or computer maintenance technicians of equipment malfunctions,notify supervisors or mechanics of equipment malfunctions,80.88235294117648
"observe and provide feedback on instructional techniques, presentation methods, or instructional aids.",observe and provide feedback on instructional techniques presentation methods or instructional aids,provide feedback to production staff regarding technical game qualities or adherence to original design,56.43564356435644
"observe teaching methods and examine learning materials to evaluate and standardize curricula and teaching techniques, and to determine areas where improvement is needed.",observe teaching methods and examine learning materials to evaluate and standardize curricula and teaching techniques and to determine areas where improvement is needed,observe teaching methods and examine learning materials to evaluate and standardize curricula and teaching techniques and to determine areas for improvement,95.06172839506173
obtain building blueprints or specifications for use by engineering departments in bid preparations.,obtain building blueprints or specifications for use by engineering departments in bid preparations,maintain complete records of engineering department activities including machine operations,58.94736842105264
"operate robots to perform customized tasks, such as environmental cleanup or explosive detection operations.",operate robots to perform customized tasks such as environmental cleanup or explosive detection operations,service motors by performing tasks such as changing oil and lubricating parts,55.73770491803278
operate spreadsheet programs and other types of software to load and manipulate data and to produce reports.,operate spreadsheet programs and other types of software to load and manipulate data and to produce reports,compile scripts program notes and other material related to productions,55.0561797752809
"operate testing equipment, such as heat stress meters, octave band analyzers, motion analysis equipment, inclinometers, light meters, velometers, sling psychrometers, or colormetric detection tubes.",operate testing equipment such as heat stress meters octave band analyzers motion analysis equipment inclinometers light meters velometers sling psychrometers or colormetric detection tubes,operate testing equipment such as heat stress meters octave band analyzers motion analysis equipment inclinometers light meters thermoanemometers sling psychrometers or colorimetric detection tubes,96.89119170984456
"organize and work with detailed office or warehouse records, maintaining files for each policyholder, including policies that are to be reinstated or cancelled.",organize and work with detailed office or warehouse records maintaining files for each policyholder including policies that are to be reinstated or cancelled,organize or work with detailed office or warehouse records maintaining files for each policyholder including policies that are to be reinstated or cancelled,98.40255591054313
"organize information for publication and for other means of dissemination, such as use in cd-roms or internet sites.",organize information for publication and for other means of dissemination such as use in cdroms or internet sites,organize information for publication and for other means of dissemination such as via storage media or the internet,85.96491228070175
organize production and design of curriculum materials.,organize production and design of curriculum materials,organize the adoption of unclaimed animals,60.41666666666667
"perform before live audiences, or in television, radio, or movie productions.",perform before live audiences or in television radio or movie productions,perform in television radio or movie productions,79.33884297520662
perform before live audiences.,perform before live audiences,perform or direct web site updates,60.31746031746032
"perform routine system administrative functions such as troubleshooting, back-ups, and upgrades.",perform routine system administrative functions such as troubleshooting backups and upgrades,perform routine system administrative functions such as troubleshooting backups or upgrades,97.26775956284153
"pick up passengers at prearranged locations, at taxi stands, or by cruising streets in high traffic areas.",pick up passengers at prearranged locations at taxi stands or by cruising streets in high traffic areas,pick up passengers at prearranged locations at taxi stands or by cruising streets in hightraffic areas,99.51219512195122
"plan and coordinate the production of musical recordings, selecting music and directing performers.",plan and coordinate the production of musical recordings selecting music and directing performers,coordinate production music with music directors,63.44827586206896
"plan and promote career and employment-related programs and events, such as career planning presentations, work-experience programs, job fairs, and career workshops.",plan and promote career and employmentrelated programs and events such as career planning presentations workexperience programs job fairs and career workshops,plan and promote career and employmentrelated programs and events such as career planning presentations work experience programs job fairs and career workshops,99.6845425867508
"plan, direct, and coordinate risk and insurance programs of establishments to control risks and losses.",plan direct and coordinate risk and insurance programs of establishments to control risks and losses,direct and coordinate school maintenance services and the use of school facilities,57.14285714285714
"plan, direct, or supervise the food preparation or cooking activities of multiple kitchens or restaurants in an establishment such as a restaurant chain, hospital, or hotel.",plan direct or supervise the food preparation or cooking activities of multiple kitchens or restaurants in an establishment such as a restaurant chain hospital or hotel,plan direct or supervise food preparation or cooking activities of multiple kitchens or restaurants in an establishment such as a restaurant chain hospital or hotel,98.79518072289156
"plan, organize, and conduct occupational therapy programs in hospital, institutional, or community settings to help rehabilitate those impaired because of illness, injury or psychological or developmental problems.",plan organize and conduct occupational therapy programs in hospital institutional or community settings to help rehabilitate those impaired because of illness injury or psychological or developmental problems,plan organize and conduct occupational therapy programs in hospital institutional or community settings to help rehabilitate persons with disabilities because of illness injury or psychological or developmental problems,94.14519906323186
"prepare and deliver lectures to undergraduate or graduate students on topics such as family behavior, child and adolescent mental health, and social intervention evaluation.",prepare and deliver lectures to undergraduate or graduate students on topics such as family behavior child and adolescent mental health and social intervention evaluation,prepare and deliver lectures to undergraduate or graduate students on topics such as family behavior child and adolescent mental health or social intervention evaluation,98.52507374631269
"prepare and maintain records and reports of inventories, price lists, shortages, shipments, expenditures, and goods used or issued.",prepare and maintain records and reports of inventories price lists shortages shipments expenditures and goods used or issued,prepare and maintain work records and reports of information such as employee time and wages daily receipts or inspection results,60.629921259842526
prepare cost estimates for clients.,prepare cost estimates for clients,prepare cost estimates for clients or employers,83.9506172839506
"prepare cost estimates, contracts, bidding documents, and technical reports for specific projects under an architect's supervision.",prepare cost estimates contracts bidding documents and technical reports for specific projects under an architects supervision,prepare cost estimates contracts bidding documents and technical reports for specific projects under an architects or engineers supervision,95.09433962264151
"prepare data for processing by organizing information, checking for any inaccuracies, and adjusting and weighting the raw data.",prepare data for processing by organizing information checking for any inaccuracies and adjusting and weighting the raw data,prepare data for processing by organizing information checking for inaccuracies and adjusting and weighting the raw data,98.36065573770492
prepare documents needed to implement plans selected by clients.,prepare documents needed to implement plans selected by clients,prepare for prosecutions related to animal treatment and give evidence in court,57.74647887323944
"prepare financial reports, such as reviews of portfolio positions.",prepare financial reports such as reviews of portfolio positions,prepare financial reports to monitor client or corporate finances,63.565891472868216
prepare forms or agreements to complete sales.,prepare forms or agreements to complete sales,create forms or agreements to complete sales,94.3820224719101
"prepare legal documents, including briefs, pleadings, appeals, wills, contracts, and real estate closing statements.",prepare legal documents including briefs pleadings appeals wills contracts and real estate closing statements,prepare edit or review legal documents including legislation briefs pleadings appeals wills contracts and real estate closing statements,88.9795918367347
"prepare or direct preparation of correspondence, reports, and operations, maintenance, and safety manuals.",prepare or direct preparation of correspondence reports and operations maintenance and safety manuals,prepare or direct the preparation of product or system layouts and detailed drawings and schematics,65.0
"prepare or maintain design, testing, or operational records and documentation.",prepare or maintain design testing or operational records and documentation,maintain all required environmental records and documentation,67.64705882352942
"prepare preliminary renderings of proposed exhibits, including detailed construction, layout, and material specifications, and diagrams relating to aspects such as special effects and/or lighting.",prepare preliminary renderings of proposed exhibits including detailed construction layout and material specifications and diagrams relating to aspects such as special effects andor lighting,prepare preliminary renderings of proposed exhibits including detailed construction layout and material specifications and diagrams relating to aspects such as special effects or lighting,99.20424403183023
prepare project reports and other program or technical documentation.,prepare project reports and other program or technical documentation,prepare energyrelated project reports or related documentation,69.23076923076923
"prepare real estate closing statements, using knowledge and expertise in real estate procedures.",prepare real estate closing statements using knowledge and expertise in real estate procedures,advise retail establishments on development of lossinvestigation procedures,56.80473372781065
prepare reports on non-destructive testing (ndt) results.,prepare reports on nondestructive testing ndt results,prepare reports on nondestructive testing results,96.07843137254902
"prepare reports, manuscripts, and meeting presentations.",prepare reports manuscripts and meeting presentations,prepare or review reports manuscripts or meeting presentations,86.95652173913044
"prepare study-related documentation such as protocol worksheets, procedural manuals, adverse event reports, institutional review board documents, and progress reports.",prepare studyrelated documentation such as protocol worksheets procedural manuals adverse event reports institutional review board documents and progress reports,prepare studyrelated documentation such as protocol worksheets procedural manuals adverse event reports institutional review board documents or progress reports,98.4423676012461
"prepare, analyze, and verify annual reports, financial statements, and other records, using accepted accounting and statistical procedures to assess financial condition and facilitate financial planning.",prepare analyze and verify annual reports financial statements and other records using accepted accounting and statistical procedures to assess financial condition and facilitate financial planning,prepare analyze or verify annual reports financial statements and other records using accepted accounting and statistical procedures to assess financial condition and facilitate financial planning,98.72773536895674
"process data for analysis, using computers.",process data for analysis using computers,process cardiac function studies using computer,72.72727272727273
"procure, produce, and provide information on the safe operation of aircraft, such as flight planning publications, operations publications, charts and maps, and weather information.",procure produce and provide information on the safe operation of aircraft such as flight planning publications operations publications charts and maps and weather information,procure produce and provide information on the safe operation of aircraft such as flight planning publications operations publications charts and maps or weather information,98.55907780979827
"produce up-to-the-minute information, using internal computer systems, to allow management to base decisions on actual, not historical, data.",produce uptotheminute information using internal computer systems to allow management to base decisions on actual not historical data,coordinate and link the computer systems within an organization to increase compatibility so that information can be shared,52.34375
"provide consultation or training to volunteers or staff on topics such as guest relations, patients' rights, and medical issues.",provide consultation or training to volunteers or staff on topics such as guest relations patients rights and medical issues,provide consultation or training to volunteers or staff on topics such as guest relations patients rights or medical issues,97.97570850202429
"provide customer support and education, working with users to identify needs, determine sources of problems, or to provide information on product use.",provide customer support and education working with users to identify needs determine sources of problems or to provide information on product use,read scripts and confer with producers to determine the types and numbers of performers required for a given production,55.094339622641506
"provide customers with information about the uses, effects, or interactions of drugs.",provide customers with information about the uses effects or interactions of drugs,provide customers with information about casino operations,75.71428571428571
"provide guests with information about local areas, including giving directions.",provide guests with information about local areas including giving directions,provide guests with information about local areas including directions,95.23809523809523
provide guidelines for implementing secure systems to customers or installation teams.,provide guidelines for implementing secure systems to customers or installation teams,provide customers or installation teams guidelines for implementing secure systems,59.88023952095809
"provide occupational, educational, and other information to individuals so that they can make educational and vocational plans.",provide occupational educational and other information to individuals so that they can make educational and vocational plans,provide occupational educational or other information to individuals so that they can make educational or vocational plans,95.9349593495935
"provide protection for individuals, such as government leaders, political candidates, and visiting foreign dignitaries.",provide protection for individuals such as government leaders political candidates and visiting foreign dignitaries,provide professional consulting services to government educational institutions or industry,56.310679611650485
provide psychological or administrative services and advice to private firms and community agencies regarding mental health programs or individual cases.,provide psychological or administrative services and advice to private firms and community agencies regarding mental health programs or individual cases,provide psychological or administrative services and advice to private firms or community agencies regarding mental health programs or individual cases,98.34983498349835
"provide staff and users with assistance solving computer related problems, such as malfunctions and program problems.",provide staff and users with assistance solving computer related problems such as malfunctions and program problems,provide staff and users with assistance solving computerrelated problems such as malfunctions and program problems,99.56331877729258
"provide statistical and computational tools for biologically based activities such as genetic analysis, measurement of gene expression, and gene function determination.",provide statistical and computational tools for biologically based activities such as genetic analysis measurement of gene expression and gene function determination,provide statistical and computational tools for biologically based activities such as genetic analysis measurement of gene expression or gene function determination,98.48024316109422
"provide students with information on such topics as college degree programs and admission requirements, financial aid opportunities, trade and technical schools, and apprenticeship programs.",provide students with information on such topics as college degree programs and admission requirements financial aid opportunities trade and technical schools and apprenticeship programs,provide students with information on topics such as college degree programs and admission requirements financial aid opportunities trade and technical schools and apprenticeship programs,97.31182795698925
provide support to technical sales staff regarding product characteristics.,provide support to technical sales staff regarding product characteristics,provide responses to regulatory agencies regarding product information or issues,61.038961038961034
"provide technical advice on the use of current instructional technologies, including computer-based training, desktop videoconferencing, multimedia, and distance learning technologies.",provide technical advice on the use of current instructional technologies including computerbased training desktop videoconferencing multimedia and distance learning technologies,provide technical direction or supervision to junior engineers engineering or computeraided design cad technicians or other technical personnel,52.95950155763241
"provide technical assistance to installers, technicians, or other solar professionals in areas such as solar electric systems, solar thermal systems, electrical systems, and mechanical systems.",provide technical assistance to installers technicians or other solar professionals in areas such as solar electric systems solar thermal systems electrical systems and mechanical systems,provide technical assistance to installers technicians or other solar professionals in areas such as solar electric systems solar thermal systems electrical systems or mechanical systems,98.65951742627345
"provide technical or logistical support to users of distance learning classrooms, equipment, web sites, or services.",provide technical or logistical support to users of distance learning classrooms equipment web sites or services,provide technical support or assistance to chemists or engineers,60.22727272727273
provide technical support during software installation or configuration.,provide technical support during software installation or configuration,provide technical support to junior staff or clients,66.66666666666667
provide technical support for computer-based geographic information systems (gis) mapping software.,provide technical support for computerbased geographic information systems gis mapping software,provide technical expertise in geographic information systems gis technology to clients or users,69.10994764397907
provide technical support to clients in the implementation of designed instruction or in task analyses and instructional systems design.,provide technical support to clients in the implementation of designed instruction or in task analyses and instructional systems design,provide technical support to users or clients regarding the maintenance development or operation of geographic information systems gis databases equipment or applications,59.01639344262295
"provide, or refer patients to other providers for, education or counseling on topics such as genetic testing, newborn care, contraception, and breastfeeding.",provide or refer patients to other providers for education or counseling on topics such as genetic testing newborn care contraception and breastfeeding,provide or refer patients to other providers for education or counseling on topics such as genetic testing newborn care contraception or breastfeeding,98.33887043189368
read corporate reports and calculate ratios to determine best prospects for profit on stock purchases.,read corporate reports and calculate ratios to determine best prospects for profit on stock purchases,read work orders or examine parts to determine parts or sections of products to be produced,60.41666666666667
"receive and post weather information and flight plan data, such as air routes and arrival and departure times.",receive and post weather information and flight plan data such as air routes and arrival and departure times,receive and post weather information and flight plan data such as air routes or arrival and departure times,97.67441860465115
"reconcile account-related statements, such as quarterly or annual statements or confirmations.",reconcile accountrelated statements such as quarterly or annual statements or confirmations,provide services to customers such as order placement or account information,58.68263473053892
"record information such as computer operating time, problems that occurred, and actions taken.",record information such as computer operating time problems that occurred and actions taken,record information such as cash receipts and ticket fares and maintain log book,61.1764705882353
render sequential drawings that can be turned into animated films or advertisements.,render sequential drawings that can be turned into animated films or advertisements,educate the public about diseases that can be spread from animals to humans,55.696202531645575
"repair or service heating, ventilating, and air conditioning (hvac) systems to improve efficiency, such as by changing filters, cleaning ducts, or refilling non-toxic refrigerants.",repair or service heating ventilating and air conditioning hvac systems to improve efficiency such as by changing filters cleaning ducts or refilling nontoxic refrigerants,repair or service heating ventilating and air conditioning hvac systems to improve efficiency such as by changing filters cleaning ducts and refilling nontoxic refrigerants,98.54227405247813
resolve customer or employee complaints.,resolve customer or employee complaints,resolve customer complaints,81.81818181818181
respond to customers' or shippers' questions and complaints regarding storage and distribution services.,respond to customers or shippers questions and complaints regarding storage and distribution services,resolve customer complaints regarding sales and service,64.1025641025641
respond to program error messages by finding and correcting problems or terminating the program.,respond to program error messages by finding and correcting problems or terminating the program,monitor program performance to ensure efficient and problemfree operations,54.437869822485204
"retrieve, separate and sort program output as needed, and send data to specified users.",retrieve separate and sort program output as needed and send data to specified users,record operational or production data on specified forms,55.714285714285715
"review and evaluate data on documents, such as claim applications, birth or death certificates, and physician or employer records.",review and evaluate data on documents such as claim applications birth or death certificates and physician or employer records,review and evaluate data on documents such as claim applications birth or death certificates or physician or employer records,98.00796812749005
"review data about material assets, net worth, liabilities, capital stock, surplus, income, and expenditures.",review data about material assets net worth liabilities capital stock surplus income and expenditures,review data about material assets net worth liabilities capital stock surplus income or expenditures,97.51243781094527
"review financial periodicals, stock and bond reports, business publications, or other material to identify potential investments for clients or to keep abreast of trends affecting market conditions.",review financial periodicals stock and bond reports business publications or other material to identify potential investments for clients or to keep abreast of trends affecting market conditions,review financial statements sales or activity reports or other performance data to identify opportunities for cost reductions or service improvements,54.22740524781341
review procedures in database management system manuals for making changes to database.,review procedures in database management system manuals for making changes to database,review procedures in database management system manuals to make changes to database,95.85798816568047
"review proposed study protocols to evaluate factors such as sample collection processes, data management plans, and potential subject risks.",review proposed study protocols to evaluate factors such as sample collection processes data management plans and potential subject risks,review proposed study protocols to evaluate factors such as sample collection processes data management plans or potential subject risks,98.16849816849816
review securities transactions to ensure conformance to regulations.,review securities transactions to ensure conformance to regulations,review all securities transactions to ensure accuracy of information and conformance to governing agency regulations,73.22404371584699
select and enter codes to monitor database performance and to create production database.,select and enter codes to monitor database performance and to create production database,select and enter codes to monitor database performance and to create production databases,99.43502824858757
"select plays, scripts, books, or ideas to be produced.",select plays scripts books or ideas to be produced,select plays scripts books news content or ideas to be produced,88.49557522123894
stay up-to-date on new regulations and current events regarding food science by reviewing scientific literature.,stay uptodate on new regulations and current events regarding food science by reviewing scientific literature,stay up to date on new regulations and current events regarding food science by reviewing scientific literature,99.0909090909091
"structure or negotiate deals, such as corporate mergers, sales, or acquisitions.",structure or negotiate deals such as corporate mergers sales or acquisitions,consult or negotiate with clients to prepare project specifications,55.94405594405594
"study effects of various methods of processing, preserving, or packaging on composition or properties of foods.",study effects of various methods of processing preserving or packaging on composition or properties of foods,instruct cooks or other workers in the preparation cooking garnishing or presentation of food,53.73134328358209
"summarize pertinent legal or insurance details, or sections of statutes or case law from reference books so that they can be used in examinations, or as proofs or ready reference.",summarize pertinent legal or insurance details or sections of statutes or case law from reference books so that they can be used in examinations or as proofs or ready reference,summarize pertinent legal or insurance details or sections of statutes or case law from reference books for use in examinations or as proofs or ready reference,93.73134328358209
"synthesize analyses of test results, and use the results to prepare technical reports of findings and recommendations.",synthesize analyses of test results and use the results to prepare technical reports of findings and recommendations,plan and direct forest surveys and related studies and prepare reports and recommendations,61.165048543689316
take dining reservations.,take dining reservations,make and confirm reservations,75.47169811320755
"teach courses or seminars on topics such as budgeting, managing personal finances, or financial literacy.",teach courses or seminars on topics such as budgeting managing personal finances or financial literacy,teach courses or seminars on topics such as budgeting management of personal finances or financial literacy,95.69377990430623
teach undergraduate level courses.,teach undergraduate level courses,teach undergraduatelevel courses,98.46153846153847
"track and trace goods while they are en route to their destinations, expediting orders when necessary.",track and trace goods while they are en route to their destinations expediting orders when necessary,maintain stock and supplies preparing supplies for special examinations and ordering supplies when necessary,56.730769230769226
track program budgets and expenses and campaign response rates to evaluate each campaign based on program objectives and industry norms.,track program budgets and expenses and campaign response rates to evaluate each campaign based on program objectives and industry norms,track program budgets expenses and campaign response rates to evaluate each campaign based on program objectives and industry norms,98.49624060150376
"translate data into numbers, equations, flow charts, graphs, or other forms.",translate data into numbers equations flow charts graphs or other forms,analyze and record test data to issue reports that use charts graphs or narratives,57.51633986928104
update and maintain content posted on the web.,update and maintain content posted on the web,recruit and maintain client bases,58.97435897435898
"update operational records or licensing information, using computer terminals.",update operational records or licensing information using computer terminals,enter patient specimen insurance or billing information into computer,60.689655172413794
use informatics science to design or implement health information technology applications to resolve clinical or health care administrative problems.,use informatics science to design or implement health information technology applications to resolve clinical or health care administrative problems,use informatics science to design or implement health information technology applications for resolution of clinical or health care administrative problems,95.7095709570957
"write advertising copy for use by publication, broadcast, or internet media to promote the sale of goods and services.",write advertising copy for use by publication broadcast or internet media to promote the sale of goods and services,write advertising material for use by publication broadcast or internet media to promote the sale of goods and services,94.87179487179486
"write articles, white papers, and reports to share research findings and educate others.",write articles white papers and reports to share research findings and educate others,write articles white papers or reports to share research findings and educate others,97.0414201183432
"write changes directly into compositions, or use computer software to make changes.",write changes directly into compositions or use computer software to make changes,create sketches and diagrams by hand or computer software to depict crime scenes,58.38509316770186
write computer or microprocessor software programs.,write computer or microprocessor software programs,train staff on technical procedures or software program usage,63.06306306306306
write program code to analyze data using statistical analysis software.,write program code to analyze data using statistical analysis software,write program code to analyze data with statistical analysis software,94.96402877697841
write reports on research findings and implications to contribute to general knowledge and to suggest potential changes in organizational functioning.,write reports on research findings and implications to contribute to general knowledge and to suggest potential changes in organizational functioning,write reports on research findings and implications to contribute to general knowledge or to suggest potential changes in organizational functioning,98.31649831649831
"write reports or record data on testing techniques, laboratory equipment, or specifications to assist engineers.",write reports or record data on testing techniques laboratory equipment or specifications to assist engineers,plan sequences of calibration tests according to equipment specifications and scientific principles,56.730769230769226
write reports or research proposals.,write reports or research proposals,write applications for research grants,68.49315068493152
"write reviews of literary, musical, or other artwork, based on knowledge, judgment, or experience.",write reviews of literary musical or other artwork based on knowledge judgment or experience,discuss use and features of various parts based on knowledge of machines or equipment,54.23728813559322
"write software programs for microcontrollers or computers in machine, assembly, or other languages.",write software programs for microcontrollers or computers in machine assembly or other languages,write simple programs for computercontrolled machine tools,59.74025974025974
write to customers in their terms and on their level so that the advertiser's sales message is more readily received.,write to customers in their terms and on their level so that the advertisers sales message is more readily received,write to customers in their terms and on their level so that the script story or advertisement message is more readily received,89.25619834710744
"write, design, or edit web page content, or direct others producing content.",write design or edit web page content or direct others producing content,review or update web page content or links in a timely manner using appropriate tools,57.324840764331206
"write, present, and publish reports that record site history, methodology, and artifact analysis results, along with recommendations for conserving and interpreting findings.",write present and publish reports that record site history methodology and artifact analysis results along with recommendations for conserving and interpreting findings,prepare audit reports containing energy analysis results or recommendations for energy cost savings,57.67790262172285
